{"frac_quench_x0": 11.859999656677246, "frac_quench_k": 1.6109999418258667, "frac_quench_ylo": -0.8715000152587891, "frac_quench_yhi": 2.1389999389648438, "mean_ulgm_quench_ylo": 11.539999961853027, "mean_ulgm_quench_yhi": 12.079999923706055, "mean_ulgy_quench_ylo": 0.4812999963760376, "mean_ulgy_quench_yhi": -0.2231999933719635, "mean_ul_quench_ylo": -1.2740000486373901, "mean_ul_quench_yhi": 1.7660000324249268, "mean_utau_quench_ylo": 55.47999954223633, "mean_utau_quench_yhi": -66.54000091552734, "mean_uqt_quench_ylo": 1.74399995803833, "mean_uqt_quench_yhi": 0.04154999926686287, "mean_uqs_quench_ylo": -2.9790000915527344, "mean_uqs_quench_yhi": 3.5199999809265137, "mean_udrop_quench_ylo": -0.5076000094413757, "mean_udrop_quench_yhi": -3.7850000858306885, "mean_urej_quench_ylo": 2.1389999389648438, "mean_urej_quench_yhi": -3.0429999828338623, "chol_ulgm_ulgm_quench_ylo": -1.6449999809265137, "chol_ulgm_ulgm_quench_yhi": 0.00954500027000904, "chol_ulgy_ulgy_quench_ylo": -1.125, "chol_ulgy_ulgy_quench_yhi": -0.5299000144004822, "chol_ul_ul_quench_ylo": -0.7014999985694885, "chol_ul_ul_quench_yhi": 0.5440999865531921, "chol_utau_utau_quench_ylo": 0.8328999876976013, "chol_utau_utau_quench_yhi": 1.100000023841858, "chol_uqt_uqt_quench_ylo": -1.0010000467300415, "chol_uqt_uqt_quench_yhi": -1.2280000448226929, "chol_uqs_uqs_quench_ylo": -0.8144999742507935, "chol_uqs_uqs_quench_yhi": -0.5600000023841858, "chol_udrop_udrop_quench_ylo": -0.6116999983787537, "chol_udrop_udrop_quench_yhi": -0.8238999843597412, "chol_urej_urej_quench_ylo": 0.5600000023841858, "chol_urej_urej_quench_yhi": -1.1030000448226929, "chol_ulgy_ulgm_quench_ylo": -0.8090000152587891, "chol_ulgy_ulgm_quench_yhi": -1.7899999618530273, "chol_ul_ulgm_quench_ylo": 0.2768999934196472, "chol_ul_ulgm_quench_yhi": 0.3571000099182129, "chol_ul_ulgy_quench_ylo": 0.15199999511241913, "chol_ul_ulgy_quench_yhi": 0.06759999692440033, "chol_utau_ulgm_quench_ylo": -1.2139999866485596, "chol_utau_ulgm_quench_yhi": -0.8220999836921692, "chol_utau_ulgy_quench_ylo": 0.11540000140666962, "chol_utau_ulgy_quench_yhi": 0.20399999618530273, "chol_utau_ul_quench_ylo": -0.5663999915122986, "chol_utau_ul_quench_yhi": -0.8481000065803528, "chol_uqt_ulgm_quench_ylo": 0.6317999958992004, "chol_uqt_ulgm_quench_yhi": 0.4860000014305115, "chol_uqt_ulgy_quench_ylo": -0.0034489999525249004, "chol_uqt_ulgy_quench_yhi": -0.20970000326633453, "chol_uqt_ul_quench_ylo": 0.10949999839067459, "chol_uqt_ul_quench_yhi": 0.09217999875545502, "chol_uqt_utau_quench_ylo": 0.5419999957084656, "chol_uqt_utau_quench_yhi": -0.029020000249147415, "chol_uqs_ulgm_quench_ylo": 0.5412999987602234, "chol_uqs_ulgm_quench_yhi": 0.8639000058174133, "chol_uqs_ulgy_quench_ylo": 0.4794999957084656, "chol_uqs_ulgy_quench_yhi": 0.6237000226974487, "chol_uqs_ul_quench_ylo": 0.58160001039505, "chol_uqs_ul_quench_yhi": 0.7171000242233276, "chol_uqs_utau_quench_ylo": 0.0502300001680851, "chol_uqs_utau_quench_yhi": -0.03689999878406525, "chol_uqs_uqt_quench_ylo": -0.3953999876976013, "chol_uqs_uqt_quench_yhi": -0.5077999830245972, "chol_udrop_ulgm_quench_ylo": -0.8111000061035156, "chol_udrop_ulgm_quench_yhi": -1.0069999694824219, "chol_udrop_ulgy_quench_ylo": -0.2134000062942505, "chol_udrop_ulgy_quench_yhi": -0.5636000037193298, "chol_udrop_ul_quench_ylo": 0.1306000053882599, "chol_udrop_ul_quench_yhi": -0.3050999939441681, "chol_udrop_utau_quench_ylo": 0.44589999318122864, "chol_udrop_utau_quench_yhi": 0.29660001397132874, "chol_udrop_uqt_quench_ylo": 2.322999954223633, "chol_udrop_uqt_quench_yhi": 3.009000062942505, "chol_udrop_uqs_quench_ylo": 1.0210000276565552, "chol_udrop_uqs_quench_yhi": -0.07435999810695648, "chol_urej_ulgm_quench_ylo": -0.09917999804019928, "chol_urej_ulgm_quench_yhi": -0.6949999928474426, "chol_urej_ulgy_quench_ylo": 0.0692799985408783, "chol_urej_ulgy_quench_yhi": -1.062000036239624, "chol_urej_ul_quench_ylo": 0.531499981880188, "chol_urej_ul_quench_yhi": 1.1260000467300415, "chol_urej_utau_quench_ylo": 0.3513000011444092, "chol_urej_utau_quench_yhi": -0.13689999282360077, "chol_urej_uqt_quench_ylo": -0.5080000162124634, "chol_urej_uqt_quench_yhi": 0.7580999732017517, "chol_urej_uqs_quench_ylo": 1.5609999895095825, "chol_urej_uqs_quench_yhi": 2.0299999713897705, "chol_urej_udrop_quench_ylo": -1.4450000524520874, "chol_urej_udrop_quench_yhi": -2.244999885559082, "mean_ulgm_mainseq_ylo": 9.977999687194824, "mean_ulgm_mainseq_yhi": 14.630000114440918, "mean_ulgy_mainseq_ylo": -2.075000047683716, "mean_ulgy_mainseq_yhi": 1.9420000314712524, "mean_ul_mainseq_ylo": -6.616000175476074, "mean_ul_mainseq_yhi": 9.418999671936035, "mean_utau_mainseq_ylo": 47.540000915527344, "mean_utau_mainseq_yhi": -57.150001525878906, "chol_ulgm_ulgm_mainseq_ylo": -0.7045999765396118, "chol_ulgm_ulgm_mainseq_yhi": 0.06122000142931938, "chol_ulgy_ulgy_mainseq_ylo": -0.6729999780654907, "chol_ulgy_ulgy_mainseq_yhi": -0.49540001153945923, "chol_ul_ul_mainseq_ylo": 1.184999942779541, "chol_ul_ul_mainseq_yhi": -2.3610000610351562, "chol_utau_utau_mainseq_ylo": -0.8400999903678894, "chol_utau_utau_mainseq_yhi": 1.4930000305175781, "chol_ulgy_ulgm_mainseq_ylo": -1.4019999504089355, "chol_ulgy_ulgm_mainseq_yhi": -1.7599999904632568, "chol_ul_ulgm_mainseq_ylo": 0.030460000038146973, "chol_ul_ulgm_mainseq_yhi": -0.0529399998486042, "chol_ul_ulgy_mainseq_ylo": -0.3264000117778778, "chol_ul_ulgy_mainseq_yhi": -0.3894999921321869, "chol_utau_ulgm_mainseq_ylo": 0.7419999837875366, "chol_utau_ulgm_mainseq_yhi": 1.1629999876022339, "chol_utau_ulgy_mainseq_ylo": -1.4609999656677246, "chol_utau_ulgy_mainseq_yhi": -1.5290000438690186, "chol_utau_ul_mainseq_ylo": 0.1136000007390976, "chol_utau_ul_mainseq_yhi": 0.44040000438690186, "R_Fquench": 0.9940000176429749, "R_ulgm_quench_ylo": -1.2640000581741333, "R_ulgm_quench_yhi": 0.4404999911785126, "R_ulgy_quench_ylo": -0.1648000031709671, "R_ulgy_quench_yhi": -1.0829999446868896, "R_ul_quench_ylo": 5.6529998779296875, "R_ul_quench_yhi": -4.125999927520752, "R_utau_quench_ylo": 5.61299991607666, "R_utau_quench_yhi": -6.921999931335449, "R_uqt_quench_ylo": 0.18970000743865967, "R_uqt_quench_yhi": 0.19120000302791595, "R_uqs_quench_ylo": 2.124000072479248, "R_uqs_quench_yhi": -2.6989998817443848, "R_udrop_quench_ylo": 1.0709999799728394, "R_udrop_quench_yhi": -0.7742000222206116, "R_urej_quench_ylo": 1.9119999408721924, "R_urej_quench_yhi": -1.7610000371932983, "R_ulgm_mainseq_ylo": -0.5579000115394592, "R_ulgm_mainseq_yhi": 0.574999988079071, "R_ulgy_mainseq_ylo": -1.2269999980926514, "R_ulgy_mainseq_yhi": 2.1710000038146973, "R_ul_mainseq_ylo": 5.164000034332275, "R_ul_mainseq_yhi": -3.384000062942505, "R_utau_mainseq_ylo": 5.828000068664551, "R_utau_mainseq_yhi": -5.586999893188477}