{"frac_quench_x0": 11.930000305175781, "frac_quench_k": 1.5870000123977661, "frac_quench_ylo": -0.8357999920845032, "frac_quench_yhi": 2.059999942779541, "mean_ulgm_quench_ylo": 11.569999694824219, "mean_ulgm_quench_yhi": 12.229999542236328, "mean_ulgy_quench_ylo": -0.050700001418590546, "mean_ulgy_quench_yhi": -0.642799973487854, "mean_ul_quench_ylo": -0.7330999970436096, "mean_ul_quench_yhi": 2.1600000858306885, "mean_utau_quench_ylo": 56.380001068115234, "mean_utau_quench_yhi": -65.68000030517578, "mean_uqt_quench_ylo": 1.6699999570846558, "mean_uqt_quench_yhi": 0.011620000004768372, "mean_uqs_quench_ylo": -3.2200000286102295, "mean_uqs_quench_yhi": 2.4489998817443848, "mean_udrop_quench_ylo": -0.6276000142097473, "mean_udrop_quench_yhi": -3.6089999675750732, "mean_urej_quench_ylo": 1.965999960899353, "mean_urej_quench_yhi": -3.890000104904175, "chol_ulgm_ulgm_quench_ylo": -1.5210000276565552, "chol_ulgm_ulgm_quench_yhi": 0.4733999967575073, "chol_ulgy_ulgy_quench_ylo": -0.9670000076293945, "chol_ulgy_ulgy_quench_yhi": -0.3158999979496002, "chol_ul_ul_quench_ylo": -0.6416000127792358, "chol_ul_ul_quench_yhi": 0.5533000230789185, "chol_utau_utau_quench_ylo": 0.8202999830245972, "chol_utau_utau_quench_yhi": 0.9883000254631042, "chol_uqt_uqt_quench_ylo": -1.2769999504089355, "chol_uqt_uqt_quench_yhi": -0.9983999729156494, "chol_uqs_uqs_quench_ylo": -0.4562000036239624, "chol_uqs_uqs_quench_yhi": -0.631600022315979, "chol_udrop_udrop_quench_ylo": -0.7749000191688538, "chol_udrop_udrop_quench_yhi": -0.6967999935150146, "chol_urej_urej_quench_ylo": 1.0110000371932983, "chol_urej_urej_quench_yhi": -1.309000015258789, "chol_ulgy_ulgm_quench_ylo": -1.378999948501587, "chol_ulgy_ulgm_quench_yhi": -1.6050000190734863, "chol_ul_ulgm_quench_ylo": 0.5127000212669373, "chol_ul_ulgm_quench_yhi": 0.7599999904632568, "chol_ul_ulgy_quench_ylo": 0.3630000054836273, "chol_ul_ulgy_quench_yhi": 0.04481999948620796, "chol_utau_ulgm_quench_ylo": -0.5950999855995178, "chol_utau_ulgm_quench_yhi": -0.09803999960422516, "chol_utau_ulgy_quench_ylo": 0.46869999170303345, "chol_utau_ulgy_quench_yhi": 0.5730999708175659, "chol_utau_ul_quench_ylo": -0.6886000037193298, "chol_utau_ul_quench_yhi": -0.8592000007629395, "chol_uqt_ulgm_quench_ylo": 0.70169997215271, "chol_uqt_ulgm_quench_yhi": 0.6129000186920166, "chol_uqt_ulgy_quench_ylo": 0.031029999256134033, "chol_uqt_ulgy_quench_yhi": 0.09471999853849411, "chol_uqt_ul_quench_ylo": -0.0018520000157877803, "chol_uqt_ul_quench_yhi": -0.26420000195503235, "chol_uqt_utau_quench_ylo": 0.2515000104904175, "chol_uqt_utau_quench_yhi": 0.0551300011575222, "chol_uqs_ulgm_quench_ylo": 0.8011000156402588, "chol_uqs_ulgm_quench_yhi": 0.9932000041007996, "chol_uqs_ulgy_quench_ylo": 0.9847999811172485, "chol_uqs_ulgy_quench_yhi": 1.0199999809265137, "chol_uqs_ul_quench_ylo": 0.3779999911785126, "chol_uqs_ul_quench_yhi": 0.43950000405311584, "chol_uqs_utau_quench_ylo": -0.16429999470710754, "chol_uqs_utau_quench_yhi": 0.06239999830722809, "chol_uqs_uqt_quench_ylo": -0.19439999759197235, "chol_uqs_uqt_quench_yhi": -0.2053000032901764, "chol_udrop_ulgm_quench_ylo": -1.1770000457763672, "chol_udrop_ulgm_quench_yhi": -1.253000020980835, "chol_udrop_ulgy_quench_ylo": -1.4259999990463257, "chol_udrop_ulgy_quench_yhi": -1.4110000133514404, "chol_udrop_ul_quench_ylo": -0.1289999932050705, "chol_udrop_ul_quench_yhi": -0.10559999942779541, "chol_udrop_utau_quench_ylo": 0.3125, "chol_udrop_utau_quench_yhi": 0.3305000066757202, "chol_udrop_uqt_quench_ylo": 1.4819999933242798, "chol_udrop_uqt_quench_yhi": 2.010999917984009, "chol_udrop_uqs_quench_ylo": 0.7232000231742859, "chol_udrop_uqs_quench_yhi": 0.43059998750686646, "chol_urej_ulgm_quench_ylo": -0.16380000114440918, "chol_urej_ulgm_quench_yhi": -0.21649999916553497, "chol_urej_ulgy_quench_ylo": -1.125, "chol_urej_ulgy_quench_yhi": -1.1749999523162842, "chol_urej_ul_quench_ylo": -0.15620000660419464, "chol_urej_ul_quench_yhi": 0.5764999985694885, "chol_urej_utau_quench_ylo": 0.4372999966144562, "chol_urej_utau_quench_yhi": -0.5475000143051147, "chol_urej_uqt_quench_ylo": -1.024999976158142, "chol_urej_uqt_quench_yhi": -0.47269999980926514, "chol_urej_uqs_quench_ylo": 1.2289999723434448, "chol_urej_uqs_quench_yhi": 1.3259999752044678, "chol_urej_udrop_quench_ylo": -0.873199999332428, "chol_urej_udrop_quench_yhi": -1.430999994277954, "mean_ulgm_mainseq_ylo": 10.130000114440918, "mean_ulgm_mainseq_yhi": 14.75, "mean_ulgy_mainseq_ylo": -2.3480000495910645, "mean_ulgy_mainseq_yhi": 1.5820000171661377, "mean_ul_mainseq_ylo": -6.058000087738037, "mean_ul_mainseq_yhi": 10.010000228881836, "mean_utau_mainseq_ylo": 48.16999816894531, "mean_utau_mainseq_yhi": -56.5, "chol_ulgm_ulgm_mainseq_ylo": -0.8883000016212463, "chol_ulgm_ulgm_mainseq_yhi": 0.1509000062942505, "chol_ulgy_ulgy_mainseq_ylo": -0.5717999935150146, "chol_ulgy_ulgy_mainseq_yhi": -0.23360000550746918, "chol_ul_ul_mainseq_ylo": 1.4010000228881836, "chol_ul_ul_mainseq_yhi": -2.121000051498413, "chol_utau_utau_mainseq_ylo": -0.7287999987602234, "chol_utau_utau_mainseq_yhi": 1.5169999599456787, "chol_ulgy_ulgm_mainseq_ylo": -1.1710000038146973, "chol_ulgy_ulgm_mainseq_yhi": -1.690999984741211, "chol_ul_ulgm_mainseq_ylo": 0.049219999462366104, "chol_ul_ulgm_mainseq_yhi": 0.017669999971985817, "chol_ul_ulgy_mainseq_ylo": 0.3961000144481659, "chol_ul_ulgy_mainseq_yhi": 0.3255000114440918, "chol_utau_ulgm_mainseq_ylo": -0.2184000015258789, "chol_utau_ulgm_mainseq_yhi": 0.17229999601840973, "chol_utau_ulgy_mainseq_ylo": -0.43810001015663147, "chol_utau_ulgy_mainseq_yhi": -0.6087999939918518, "chol_utau_ul_mainseq_ylo": -0.8482999801635742, "chol_utau_ul_mainseq_yhi": -0.4336000084877014, "R_Fquench": 0.8705000281333923, "R_ulgm_quench_ylo": -1.437000036239624, "R_ulgm_quench_yhi": 0.3953999876976013, "R_ulgy_quench_ylo": 0.32589998841285706, "R_ulgy_quench_yhi": -0.7509999871253967, "R_ul_quench_ylo": 4.690000057220459, "R_ul_quench_yhi": -4.946000099182129, "R_utau_quench_ylo": 4.671000003814697, "R_utau_quench_yhi": -7.925000190734863, "R_uqt_quench_ylo": 0.09520000219345093, "R_uqt_quench_yhi": 0.2597000002861023, "R_uqs_quench_ylo": 2.4079999923706055, "R_uqs_quench_yhi": -2.4159998893737793, "R_udrop_quench_ylo": 0.5356000065803528, "R_udrop_quench_yhi": -0.7487999796867371, "R_urej_quench_ylo": 1.6200000047683716, "R_urej_quench_yhi": -0.7289999723434448, "R_ulgm_mainseq_ylo": -0.857200026512146, "R_ulgm_mainseq_yhi": 0.1606999933719635, "R_ulgy_mainseq_ylo": -0.6844000220298767, "R_ulgy_mainseq_yhi": 2.1760001182556152, "R_ul_mainseq_ylo": 5.414000034332275, "R_ul_mainseq_yhi": -3.0320000648498535, "R_utau_mainseq_ylo": 4.826000213623047, "R_utau_mainseq_yhi": -6.327000141143799}