{"frac_quench_x0": 11.75, "frac_quench_k": 2.2200000286102295, "frac_quench_ylo": -0.8565000295639038, "frac_quench_yhi": 2.760999917984009, "mean_ulgm_quench_ylo": 11.569999694824219, "mean_ulgm_quench_yhi": 12.199999809265137, "mean_ulgy_quench_ylo": 0.36419999599456787, "mean_ulgy_quench_yhi": -0.870199978351593, "mean_ul_quench_ylo": -1.5789999961853027, "mean_ul_quench_yhi": 2.056999921798706, "mean_utau_quench_ylo": 53.11000061035156, "mean_utau_quench_yhi": -66.95999908447266, "mean_uqt_quench_ylo": 1.715000033378601, "mean_uqt_quench_yhi": 0.003558000084012747, "mean_uqs_quench_ylo": -3.9590001106262207, "mean_uqs_quench_yhi": 4.453000068664551, "mean_udrop_quench_ylo": -0.374099999666214, "mean_udrop_quench_yhi": -3.5940001010894775, "mean_urej_quench_ylo": 0.6263999938964844, "mean_urej_quench_yhi": -2.1589999198913574, "chol_ulgm_ulgm_quench_ylo": -1.6770000457763672, "chol_ulgm_ulgm_quench_yhi": -0.21279999613761902, "chol_ulgy_ulgy_quench_ylo": -0.2939999997615814, "chol_ulgy_ulgy_quench_yhi": -0.43050000071525574, "chol_ul_ul_quench_ylo": -0.6233999729156494, "chol_ul_ul_quench_yhi": 0.42989999055862427, "chol_utau_utau_quench_ylo": 0.1754000037908554, "chol_utau_utau_quench_yhi": 1.3910000324249268, "chol_uqt_uqt_quench_ylo": -1.0369999408721924, "chol_uqt_uqt_quench_yhi": -1.4759999513626099, "chol_uqs_uqs_quench_ylo": -2.117000102996826, "chol_uqs_uqs_quench_yhi": 0.6015999913215637, "chol_udrop_udrop_quench_ylo": -0.22390000522136688, "chol_udrop_udrop_quench_yhi": -1.1519999504089355, "chol_urej_urej_quench_ylo": 2.240999937057495, "chol_urej_urej_quench_yhi": -2.3369998931884766, "chol_ulgy_ulgm_quench_ylo": 1.2120000123977661, "chol_ulgy_ulgm_quench_yhi": -2.0309998989105225, "chol_ul_ulgm_quench_ylo": -0.9204000234603882, "chol_ul_ulgm_quench_yhi": -1.5230000019073486, "chol_ul_ulgy_quench_ylo": 1.0770000219345093, "chol_ul_ulgy_quench_yhi": 1.7139999866485596, "chol_utau_ulgm_quench_ylo": -1.2929999828338623, "chol_utau_ulgm_quench_yhi": -0.19210000336170197, "chol_utau_ulgy_quench_ylo": -0.36250001192092896, "chol_utau_ulgy_quench_yhi": 1.5049999952316284, "chol_utau_ul_quench_ylo": -0.9261000156402588, "chol_utau_ul_quench_yhi": -0.9333000183105469, "chol_uqt_ulgm_quench_ylo": 2.3589999675750732, "chol_uqt_ulgm_quench_yhi": 1.8839999437332153, "chol_uqt_ulgy_quench_ylo": 0.0319099985063076, "chol_uqt_ulgy_quench_yhi": -0.9668999910354614, "chol_uqt_ul_quench_ylo": 0.5825999975204468, "chol_uqt_ul_quench_yhi": 1.1200000047683716, "chol_uqt_utau_quench_ylo": 1.1610000133514404, "chol_uqt_utau_quench_yhi": -0.4945000112056732, "chol_uqs_ulgm_quench_ylo": -1.5740000009536743, "chol_uqs_ulgm_quench_yhi": -0.6680999994277954, "chol_uqs_ulgy_quench_ylo": -1.343999981880188, "chol_uqs_ulgy_quench_yhi": 2.6070001125335693, "chol_uqs_ul_quench_ylo": 0.6069999933242798, "chol_uqs_ul_quench_yhi": 1.0950000286102295, "chol_uqs_utau_quench_ylo": -0.05050000175833702, "chol_uqs_utau_quench_yhi": -0.2676999866962433, "chol_uqs_uqt_quench_ylo": 1.593000054359436, "chol_uqs_uqt_quench_yhi": 2.0810000896453857, "chol_udrop_ulgm_quench_ylo": 0.7533000111579895, "chol_udrop_ulgm_quench_yhi": -0.9573000073432922, "chol_udrop_ulgy_quench_ylo": 2.8389999866485596, "chol_udrop_ulgy_quench_yhi": -3.566999912261963, "chol_udrop_ul_quench_ylo": 1.753999948501587, "chol_udrop_ul_quench_yhi": 0.5805000066757202, "chol_udrop_utau_quench_ylo": 0.8202000260353088, "chol_udrop_utau_quench_yhi": -0.019179999828338623, "chol_udrop_uqt_quench_ylo": 9.529000282287598, "chol_udrop_uqt_quench_yhi": 10.550000190734863, "chol_udrop_uqs_quench_ylo": -0.7225000262260437, "chol_udrop_uqs_quench_yhi": -2.3329999446868896, "chol_urej_ulgm_quench_ylo": 1.9500000476837158, "chol_urej_ulgm_quench_yhi": -0.7063000202178955, "chol_urej_ulgy_quench_ylo": 2.874000072479248, "chol_urej_ulgy_quench_yhi": -2.950000047683716, "chol_urej_ul_quench_ylo": -0.7644000053405762, "chol_urej_ul_quench_yhi": 1.7130000591278076, "chol_urej_utau_quench_ylo": -0.97079998254776, "chol_urej_utau_quench_yhi": 0.29089999198913574, "chol_urej_uqt_quench_ylo": -3.621000051498413, "chol_urej_uqt_quench_yhi": 1.9859999418258667, "chol_urej_uqs_quench_ylo": 1.9259999990463257, "chol_urej_uqs_quench_yhi": 3.068000078201294, "chol_urej_udrop_quench_ylo": -0.30329999327659607, "chol_urej_udrop_quench_yhi": -4.054999828338623, "mean_ulgm_mainseq_ylo": 8.845999717712402, "mean_ulgm_mainseq_yhi": 15.859999656677246, "mean_ulgy_mainseq_ylo": -2.2850000858306885, "mean_ulgy_mainseq_yhi": 2.634999990463257, "mean_ul_mainseq_ylo": -6.702000141143799, "mean_ul_mainseq_yhi": 9.343000411987305, "mean_utau_mainseq_ylo": 45.66999816894531, "mean_utau_mainseq_yhi": -59.09000015258789, "chol_ulgm_ulgm_mainseq_ylo": -0.09697999805212021, "chol_ulgm_ulgm_mainseq_yhi": -1.4639999866485596, "chol_ulgy_ulgy_mainseq_ylo": -0.6528000235557556, "chol_ulgy_ulgy_mainseq_yhi": -1.7929999828338623, "chol_ul_ul_mainseq_ylo": 1.187000036239624, "chol_ul_ul_mainseq_yhi": -2.566999912261963, "chol_utau_utau_mainseq_ylo": -0.10409999638795853, "chol_utau_utau_mainseq_yhi": 0.352400004863739, "chol_ulgy_ulgm_mainseq_ylo": 0.47189998626708984, "chol_ulgy_ulgm_mainseq_yhi": -1.444000005722046, "chol_ul_ulgm_mainseq_ylo": -0.05096999928355217, "chol_ul_ulgm_mainseq_yhi": -0.28600001335144043, "chol_ul_ulgy_mainseq_ylo": -0.6431000232696533, "chol_ul_ulgy_mainseq_yhi": -1.156000018119812, "chol_utau_ulgm_mainseq_ylo": -1.9739999771118164, "chol_utau_ulgm_mainseq_yhi": -1.3289999961853027, "chol_utau_ulgy_mainseq_ylo": -2.3529999256134033, "chol_utau_ulgy_mainseq_yhi": -1.680999994277954, "chol_utau_ul_mainseq_ylo": -2.2309999465942383, "chol_utau_ul_mainseq_yhi": -0.2671000063419342, "R_Fquench": 0.819599986076355, "R_ulgm_quench_ylo": -0.9872000217437744, "R_ulgm_quench_yhi": 0.23109999299049377, "R_ulgy_quench_ylo": -0.19349999725818634, "R_ulgy_quench_yhi": -0.3693999946117401, "R_ul_quench_ylo": 4.335000038146973, "R_ul_quench_yhi": -4.465000152587891, "R_utau_quench_ylo": 7.142000198364258, "R_utau_quench_yhi": -8.843000411987305, "R_uqt_quench_ylo": 0.7821000218391418, "R_uqt_quench_yhi": 0.039319999516010284, "R_uqs_quench_ylo": 3.3269999027252197, "R_uqs_quench_yhi": -3.0380001068115234, "R_udrop_quench_ylo": -1.5850000381469727, "R_udrop_quench_yhi": 1.4170000553131104, "R_urej_quench_ylo": 2.447000026702881, "R_urej_quench_yhi": -0.9923999905586243, "R_ulgm_mainseq_ylo": 1.312000036239624, "R_ulgm_mainseq_yhi": 2.0769999027252197, "R_ulgy_mainseq_ylo": -1.7209999561309814, "R_ulgy_mainseq_yhi": 1.9110000133514404, "R_ul_mainseq_ylo": 6.265999794006348, "R_ul_mainseq_yhi": -2.2690000534057617, "R_utau_mainseq_ylo": 6.686999797821045, "R_utau_mainseq_yhi": -4.791999816894531}