{"frac_quench_x0": 11.739999771118164, "frac_quench_k": 2.3949999809265137, "frac_quench_ylo": -0.8883000016212463, "frac_quench_yhi": 2.7660000324249268, "mean_ulgm_quench_ylo": 11.5600004196167, "mean_ulgm_quench_yhi": 12.1899995803833, "mean_ulgy_quench_ylo": 0.23010000586509705, "mean_ulgy_quench_yhi": -0.3727000057697296, "mean_ul_quench_ylo": -1.430999994277954, "mean_ul_quench_yhi": 1.5809999704360962, "mean_utau_quench_ylo": 53.5, "mean_utau_quench_yhi": -67.22000122070312, "mean_uqt_quench_ylo": 1.649999976158142, "mean_uqt_quench_yhi": 0.03320999816060066, "mean_uqs_quench_ylo": -3.5759999752044678, "mean_uqs_quench_yhi": 3.7019999027252197, "mean_udrop_quench_ylo": -0.33880001306533813, "mean_udrop_quench_yhi": -3.950000047683716, "mean_urej_quench_ylo": 1.3179999589920044, "mean_urej_quench_yhi": -3.312999963760376, "chol_ulgm_ulgm_quench_ylo": -1.3350000381469727, "chol_ulgm_ulgm_quench_yhi": -0.29499998688697815, "chol_ulgy_ulgy_quench_ylo": -0.2921000123023987, "chol_ulgy_ulgy_quench_yhi": -0.30070000886917114, "chol_ul_ul_quench_ylo": -0.5113000273704529, "chol_ul_ul_quench_yhi": 0.30630001425743103, "chol_utau_utau_quench_ylo": 0.3986999988555908, "chol_utau_utau_quench_yhi": 1.3049999475479126, "chol_uqt_uqt_quench_ylo": -1.0759999752044678, "chol_uqt_uqt_quench_yhi": -1.600000023841858, "chol_uqs_uqs_quench_ylo": -1.5540000200271606, "chol_uqs_uqs_quench_yhi": 0.6538000106811523, "chol_udrop_udrop_quench_ylo": -0.7312999963760376, "chol_udrop_udrop_quench_yhi": -0.9484999775886536, "chol_urej_urej_quench_ylo": 1.8730000257492065, "chol_urej_urej_quench_yhi": -2.138000011444092, "chol_ulgy_ulgm_quench_ylo": 1.2259999513626099, "chol_ulgy_ulgm_quench_yhi": -0.7049999833106995, "chol_ul_ulgm_quench_ylo": -1.1130000352859497, "chol_ul_ulgm_quench_yhi": -1.9140000343322754, "chol_ul_ulgy_quench_ylo": 0.9821000099182129, "chol_ul_ulgy_quench_yhi": 0.7645000219345093, "chol_utau_ulgm_quench_ylo": -1.5219999551773071, "chol_utau_ulgm_quench_yhi": -0.6028000116348267, "chol_utau_ulgy_quench_ylo": 0.6187999844551086, "chol_utau_ulgy_quench_yhi": 1.781000018119812, "chol_utau_ul_quench_ylo": -1.0529999732971191, "chol_utau_ul_quench_yhi": -0.9916999936103821, "chol_uqt_ulgm_quench_ylo": 1.850000023841858, "chol_uqt_ulgm_quench_yhi": 1.722000002861023, "chol_uqt_ulgy_quench_ylo": -0.5058000087738037, "chol_uqt_ulgy_quench_yhi": -0.5702000260353088, "chol_uqt_ul_quench_ylo": 0.7540000081062317, "chol_uqt_ul_quench_yhi": 0.9251999855041504, "chol_uqt_utau_quench_ylo": 0.8410000205039978, "chol_uqt_utau_quench_yhi": -0.24300000071525574, "chol_uqs_ulgm_quench_ylo": -1.659999966621399, "chol_uqs_ulgm_quench_yhi": -1.0019999742507935, "chol_uqs_ulgy_quench_ylo": -0.015320000238716602, "chol_uqs_ulgy_quench_yhi": 2.4119999408721924, "chol_uqs_ul_quench_ylo": 0.5382000207901001, "chol_uqs_ul_quench_yhi": 0.9950000047683716, "chol_uqs_utau_quench_ylo": -0.15809999406337738, "chol_uqs_utau_quench_yhi": 0.021870000287890434, "chol_uqs_uqt_quench_ylo": 0.7379000186920166, "chol_uqs_uqt_quench_yhi": 1.2419999837875366, "chol_udrop_ulgm_quench_ylo": -0.35120001435279846, "chol_udrop_ulgm_quench_yhi": -1.3179999589920044, "chol_udrop_ulgy_quench_ylo": 1.555999994277954, "chol_udrop_ulgy_quench_yhi": -3.375, "chol_udrop_ul_quench_ylo": 1.1390000581741333, "chol_udrop_ul_quench_yhi": 0.7768999934196472, "chol_udrop_utau_quench_ylo": 0.6000000238418579, "chol_udrop_utau_quench_yhi": 0.3619999885559082, "chol_udrop_uqt_quench_ylo": 5.859000205993652, "chol_udrop_uqt_quench_yhi": 6.892000198364258, "chol_udrop_uqs_quench_ylo": -0.5654000043869019, "chol_udrop_uqs_quench_yhi": -2.184999942779541, "chol_urej_ulgm_quench_ylo": 1.0920000076293945, "chol_urej_ulgm_quench_yhi": -0.5042999982833862, "chol_urej_ulgy_quench_ylo": 2.7139999866485596, "chol_urej_ulgy_quench_yhi": -1.059999942779541, "chol_urej_ul_quench_ylo": -0.5799000263214111, "chol_urej_ul_quench_yhi": 1.378999948501587, "chol_urej_utau_quench_ylo": -0.5401999950408936, "chol_urej_utau_quench_yhi": 0.04610000178217888, "chol_urej_uqt_quench_ylo": -2.130000114440918, "chol_urej_uqt_quench_yhi": 1.0579999685287476, "chol_urej_uqs_quench_ylo": 1.3359999656677246, "chol_urej_uqs_quench_yhi": 2.1019999980926514, "chol_urej_udrop_quench_ylo": -1.8860000371932983, "chol_urej_udrop_quench_yhi": -3.6570000648498535, "mean_ulgm_mainseq_ylo": 8.940999984741211, "mean_ulgm_mainseq_yhi": 15.460000038146973, "mean_ulgy_mainseq_ylo": -2.1710000038146973, "mean_ulgy_mainseq_yhi": 2.4700000286102295, "mean_ul_mainseq_ylo": -6.466000080108643, "mean_ul_mainseq_yhi": 9.62399959564209, "mean_utau_mainseq_ylo": 46.22999954223633, "mean_utau_mainseq_yhi": -58.59000015258789, "chol_ulgm_ulgm_mainseq_ylo": -0.2621000111103058, "chol_ulgm_ulgm_mainseq_yhi": -1.0379999876022339, "chol_ulgy_ulgy_mainseq_ylo": -0.5587999820709229, "chol_ulgy_ulgy_mainseq_yhi": -0.8307999968528748, "chol_ul_ul_mainseq_ylo": 1.11899995803833, "chol_ul_ul_mainseq_yhi": -2.5179998874664307, "chol_utau_utau_mainseq_ylo": -0.26840001344680786, "chol_utau_utau_mainseq_yhi": 0.9592999815940857, "chol_ulgy_ulgm_mainseq_ylo": -0.4934999942779541, "chol_ulgy_ulgm_mainseq_yhi": -2.0209999084472656, "chol_ul_ulgm_mainseq_ylo": -0.16689999401569366, "chol_ul_ulgm_mainseq_yhi": -0.22290000319480896, "chol_ul_ulgy_mainseq_ylo": -0.19280000030994415, "chol_ul_ulgy_mainseq_yhi": -0.6794999837875366, "chol_utau_ulgm_mainseq_ylo": -0.16930000483989716, "chol_utau_ulgm_mainseq_yhi": 0.22669999301433563, "chol_utau_ulgy_mainseq_ylo": -1.284999966621399, "chol_utau_ulgy_mainseq_yhi": -1.2799999713897705, "chol_utau_ul_mainseq_ylo": -1.9630000591278076, "chol_utau_ul_mainseq_yhi": -0.6736000180244446, "R_Fquench": 0.8903999924659729, "R_ulgm_quench_ylo": -1.2230000495910645, "R_ulgm_quench_yhi": 0.2581000030040741, "R_ulgy_quench_ylo": 0.1800999939441681, "R_ulgy_quench_yhi": -0.864799976348877, "R_ul_quench_ylo": 5.059000015258789, "R_ul_quench_yhi": -4.214000225067139, "R_utau_quench_ylo": 7.669000148773193, "R_utau_quench_yhi": -7.25, "R_uqt_quench_ylo": 0.667900025844574, "R_uqt_quench_yhi": -0.06682000309228897, "R_uqs_quench_ylo": 2.753999948501587, "R_uqs_quench_yhi": -2.8970000743865967, "R_udrop_quench_ylo": -1.4049999713897705, "R_udrop_quench_yhi": 1.0110000371932983, "R_urej_quench_ylo": 2.005000114440918, "R_urej_quench_yhi": -1.5360000133514404, "R_ulgm_mainseq_ylo": 1.2549999952316284, "R_ulgm_mainseq_yhi": 2.0360000133514404, "R_ulgy_mainseq_ylo": -1.555999994277954, "R_ulgy_mainseq_yhi": 1.6490000486373901, "R_ul_mainseq_ylo": 6.293000221252441, "R_ul_mainseq_yhi": -2.174999952316284, "R_utau_mainseq_ylo": 7.010000228881836, "R_utau_mainseq_yhi": -4.331999778747559}